id,name,nickname,email,phone_number,birth_date,gender,profile_image_url,interested_categories,reported_count,created_at,updated_at
82f7738b-90aa-4828-9465-5032adb03939,김중수,yejii_202,jeongunggim@example.org,044-354-6798,1991-09-16,male,https://picsum.photos/id/200/200/200,"{생활용품,뷰티헬스케어}",0,2025-05-06 05:35:44,2025-06-15 04:10:43
7f2255c4-6a2d-406d-a659-8427f06e5cc6,김은경,dgweon_292,junhyeog83@example.com,042-849-7647,1998-07-28,female,https://picsum.photos/id/201/200/200,"{생활용품,패션잡화,뷰티헬스케어}",0,2025-04-26 22:30:18,2024-10-01 11:11:18
6ca41182-fad9-4998-86d5-7eb63016e458,강경숙,yeonghogim_723,zgim@example.net,032-151-0164,1989-05-30,male,https://picsum.photos/id/202/200/200,"{생활용품,식품간식류,패션잡화}",0,2025-06-25 09:06:09,2025-06-20 15:26:01
9e279c41-f070-4c29-a9c2-c4da9b19563c,김승현,bagjaehyeon_961,sonseonghyeon@example.com,055-505-8062,1984-03-05,male,https://picsum.photos/id/203/200/200,{생활용품},0,2025-05-24 10:05:10,2025-03-03 15:07:43
f5cc5577-7637-4649-bcb2-0eefd29693ec,박지원,hongyeji_616,yejigim@example.net,016-558-4104,1976-01-12,female,https://picsum.photos/id/204/200/200,"{뷰티헬스케어,패션잡화,생활용품}",0,2024-12-01 06:43:00,2025-05-30 12:39:01
c333311d-dd08-4fdf-946b-d081a43eba07,한성민,mi_866,cunjabag@example.com,011-208-1753,1979-02-28,female,https://picsum.photos/id/205/200/200,"{식품간식류,생활용품,패션잡화}",0,2025-06-23 09:41:37,2025-03-16 09:48:12
ae212b90-ad55-4276-b67a-5500853d5830,박민준,bson_678,junho35@example.net,032-847-3079,1970-10-16,female,https://picsum.photos/id/206/200/200,"{식품간식류,뷰티헬스케어}",0,2025-02-03 08:06:29,2025-03-07 02:35:10
b5081117-c59e-4304-992c-5f7d8b13e3dc,류영미,jojeongnam_865,ujin87@example.com,032-560-2363,1979-03-28,male,https://picsum.photos/id/207/200/200,"{패션잡화,식품간식류,생활용품}",0,2025-01-06 17:49:02,2024-11-02 17:07:15
13bf35c2-7488-489c-b128-8b94771b4108,황서윤,jihu23_684,hongjinu@example.net,042-816-3084,1992-08-20,female,https://picsum.photos/id/208/200/200,"{식품간식류,패션잡화,생활용품}",0,2025-02-02 16:56:30,2025-03-30 20:47:01
e69461d0-7d4e-48ae-9762-c18ac3ff66f0,김지연,hwangmiyeong_379,caeweono@example.org,02-1145-3323,2000-08-17,male,https://picsum.photos/id/209/200/200,"{생활용품,패션잡화}",1,2025-04-09 12:29:56,2024-12-06 21:45:18
ca8f5e6c-037a-475c-92f6-0536a9525ef2,김주원,dgim_670,yeeun89@example.org,010-4403-5287,1976-06-04,male,https://picsum.photos/id/210/200/200,{식품간식류},0,2025-04-24 03:10:01,2025-07-12 02:37:15
60fa77f6-2de1-4080-bbfa-0f9fff43bf55,문명자,minjii_108,jiyeonsim@example.com,062-241-2265,1992-02-19,female,https://picsum.photos/id/211/200/200,"{식품간식류,생활용품}",0,2025-05-10 23:24:08,2024-10-03 08:12:11
c8d15fd9-c066-4dd4-ae61-277c54922294,박선영,bagyeongmi_555,gimmyeongsug@example.org,016-160-6465,1990-07-06,female,https://picsum.photos/id/212/200/200,{뷰티헬스케어},0,2025-06-13 23:28:09,2024-12-27 15:27:10
c8a42d65-b005-4208-9211-7ce06a779f73,김민준,yeeun27_594,hyeonju27@example.org,016-682-9130,1977-02-28,male,https://picsum.photos/id/213/200/200,"{식품간식류,생활용품,뷰티헬스케어}",0,2025-08-21 02:56:00,2025-03-28 06:46:17
7606e9e4-b2d5-4636-bde0-dc4bc08e5c8d,이지아,eunseogim_478,jeongjagim@example.net,044-075-8289,1988-01-27,female,https://picsum.photos/id/214/200/200,"{생활용품,패션잡화}",0,2025-02-26 10:25:23,2025-02-07 05:18:47
5e5b30bd-7546-4de3-9026-e4046b4b9a2c,최수민,seonghun51_117,minseo01@example.com,017-903-1491,1991-11-19,female,https://picsum.photos/id/215/200/200,{식품간식류},0,2025-02-07 10:21:45,2024-12-09 09:47:24
2c81d0c6-c831-455d-b8ae-4fa9c1fd45dc,김서영,jeongnam43_109,sanghyeon58@example.com,055-222-0428,2001-07-24,female,https://picsum.photos/id/216/200/200,"{생활용품,뷰티헬스케어,패션잡화}",0,2025-04-20 13:03:45,2025-06-08 10:25:38
09d96179-a065-4048-892f-bc7388a1e91a,박미숙,sgim_710,munsiu@example.com,054-322-1869,2005-02-19,female,https://picsum.photos/id/217/200/200,{생활용품},0,2025-07-12 21:22:31,2025-03-24 11:07:15
f25e438a-9577-4346-b471-d2586a870628,구지영,seungminbag_151,gimhyeonju@example.org,041-273-0959,1970-12-14,male,https://picsum.photos/id/218/200/200,"{생활용품,패션잡화,뷰티헬스케어}",0,2025-01-13 17:19:53,2025-09-11 20:43:00
ee5be88c-6f46-487b-a85d-0e9edb5686f7,장현정,seoyeong05_475,jungsu92@example.net,054-391-5762,1997-12-27,female,https://picsum.photos/id/219/200/200,"{식품간식류,패션잡화,생활용품}",0,2024-10-24 22:24:19,2025-01-20 17:47:03
cf8ff016-a4a1-4fcb-9c60-7b12dcf587c1,김성현,subin31_480,jiweon11@example.org,053-639-3486,1983-09-13,female,https://picsum.photos/id/220/200/200,{패션잡화},0,2025-06-15 20:43:15,2025-08-02 15:58:01
056078e0-d5e6-4009-910b-4a8f2ac8b223,김성호,isujin_893,coeseoyeon@example.net,018-396-2524,1979-08-21,female,https://picsum.photos/id/221/200/200,"{패션잡화,뷰티헬스케어,생활용품}",0,2025-08-29 06:10:24,2025-08-21 00:14:03
07569fe7-e42b-4bcb-b42b-94282a7dfa1b,권영일,gimhayun_357,hyeonju69@example.org,031-052-0718,1992-01-30,female,https://picsum.photos/id/222/200/200,"{뷰티헬스케어,생활용품,식품간식류}",0,2025-07-21 01:55:44,2025-02-14 06:07:41
646da9c0-157d-4a53-ac5b-104a30d9f6d2,최명자,seonghunno_412,minsu18@example.net,044-943-4155,2003-11-23,male,https://picsum.photos/id/223/200/200,"{뷰티헬스케어,생활용품,식품간식류}",0,2025-04-26 13:49:09,2025-02-13 17:13:59
66afec6f-84db-4019-9667-1fe7936b3724,황현지,minji01_563,gimeungyeong@example.net,055-685-0804,1994-10-05,male,https://picsum.photos/id/224/200/200,"{식품간식류,뷰티헬스케어}",0,2025-05-08 18:41:36,2025-05-22 04:55:43
94450bdd-fbd6-4a05-8aba-e59da3972d82,고진우,jinho53_797,cyang@example.com,011-013-2282,1986-08-04,male,https://picsum.photos/id/225/200/200,"{뷰티헬스케어,생활용품}",1,2024-10-24 06:35:37,2024-10-07 18:02:34
411a34a1-6175-4b1c-9a4a-7a63fb11da9f,송현주,eunjijang_182,gimmyeongja@example.org,042-969-5680,1997-05-06,female,https://picsum.photos/id/226/200/200,"{식품간식류,패션잡화,생활용품}",0,2025-05-22 16:03:04,2025-05-22 17:05:02
ff64662e-b45a-489c-8e3a-255458e0bf47,김진우,eunji09_449,ti@example.com,010-2781-2843,1977-06-05,female,https://picsum.photos/id/227/200/200,"{생활용품,패션잡화,식품간식류}",0,2025-07-15 05:56:40,2025-04-18 08:59:39
a107aa74-5b5c-4c70-ac8e-d2c2c53b4098,진경숙,songjeongnam_997,yeongceol38@example.org,042-488-5319,1981-02-28,female,https://picsum.photos/id/228/200/200,"{식품간식류,뷰티헬스케어,생활용품}",0,2024-10-07 16:29:23,2025-08-04 16:05:33
04211023-7a5c-4834-8e42-038eb844a6d7,박정식,gyeongsugi_733,yeongmigim@example.org,032-049-5203,2000-03-01,female,https://picsum.photos/id/229/200/200,"{생활용품,패션잡화}",0,2025-09-27 12:32:42,2025-03-30 14:24:05
406480ed-7363-4ec7-96cc-54a6645b2372,이정웅,yunhaeun_333,ksong@example.org,031-739-1888,1974-12-11,female,https://picsum.photos/id/230/200/200,"{뷰티헬스케어,생활용품,패션잡화}",0,2025-02-20 15:55:38,2025-08-16 04:23:07
c9e3a56b-981d-459b-b2f1-1b52036ef434,김현정,seonyeonggim_785,sangceoli@example.net,064-722-2387,1979-06-21,male,https://picsum.photos/id/231/200/200,"{생활용품,뷰티헬스케어,패션잡화}",0,2024-10-29 10:37:16,2024-12-22 10:14:28
92aba89c-bd97-450b-9bb0-4b4d888b73df,남시우,bagseungmin_752,oyejin@example.net,011-448-2664,2001-12-23,female,https://picsum.photos/id/232/200/200,{식품간식류},0,2024-12-02 16:11:07,2025-08-20 13:10:10
2c86e01f-6bbd-49a2-922c-336eb3a14940,이준혁,jeonghobag_981,iminseo@example.net,051-710-1646,1993-10-02,female,https://picsum.photos/id/233/200/200,{생활용품},0,2025-04-13 22:33:27,2025-07-22 10:48:21
2069e297-9065-4c0e-9501-f21d8bd653c2,김상호,heocunja_849,osong@example.org,051-549-7216,1971-04-24,female,https://picsum.photos/id/234/200/200,{생활용품},0,2025-02-01 14:36:35,2025-05-22 04:16:37
8dea597a-d775-4566-b193-9726d3fd5a51,김광수,bagjiweon_233,sanghyeongim@example.org,010-4783-7447,2003-05-24,male,https://picsum.photos/id/235/200/200,"{패션잡화,생활용품,식품간식류}",0,2025-02-21 07:49:13,2025-03-10 00:55:23
ecd66ec7-b694-4313-8dbe-580e11b7126f,우정수,gimeunju_807,hyeonjunhwang@example.net,044-822-0892,1997-09-24,male,https://picsum.photos/id/236/200/200,"{패션잡화,뷰티헬스케어,생활용품}",0,2024-11-16 14:14:02,2024-12-23 20:50:39
87f94267-027d-4488-9628-ca721f414328,장정웅,pi_140,migyeong91@example.org,011-675-0672,1984-04-10,male,https://picsum.photos/id/237/200/200,"{패션잡화,생활용품}",0,2024-12-25 07:05:38,2025-01-27 18:51:37
46611ff0-bf10-4ba2-82e4-5208c06148e3,이도현,yujini_634,seohyeoni@example.net,017-211-9064,1984-09-03,female,https://picsum.photos/id/238/200/200,"{생활용품,패션잡화}",0,2025-01-11 01:10:48,2025-01-22 23:10:40
deb4f469-eeb5-4c12-9c99-054d3d288949,김민준,ti_905,minjaegim@example.org,043-568-0967,1996-01-26,male,https://picsum.photos/id/239/200/200,"{뷰티헬스케어,식품간식류,생활용품}",0,2025-03-18 16:36:12,2024-11-10 00:15:23
7cce6641-78b7-4f9a-a9cb-2bf72c620847,이윤서,ygim_291,gimsanghyeon@example.org,053-216-4150,1999-06-18,male,https://picsum.photos/id/240/200/200,"{패션잡화,생활용품,식품간식류}",0,2025-04-16 11:25:43,2025-05-05 19:32:54
5691d47c-0ed7-41a8-84d2-d7d561634741,이혜진,jgim_662,sgim@example.com,042-217-4367,1973-03-29,female,https://picsum.photos/id/241/200/200,"{생활용품,패션잡화,뷰티헬스케어}",0,2025-09-29 22:37:04,2024-11-23 14:10:44
d86551e2-09e9-4711-8877-c687272b594e,이경숙,bagyeongmi_941,uminsu@example.net,061-688-6099,1996-03-28,female,https://picsum.photos/id/242/200/200,"{생활용품,패션잡화,식품간식류}",0,2024-11-03 08:17:28,2025-03-26 05:19:45
9f469161-3f79-47b2-9d14-272af2b4d138,이지영,jbae_918,minseo73@example.org,011-981-0038,1987-06-05,male,https://picsum.photos/id/243/200/200,{생활용품},0,2025-09-11 14:55:07,2025-01-31 01:03:46
d14f5f7e-1991-448e-abce-430528456cfa,류종수,jiu49_555,yeonghyibag@example.com,064-784-3579,1981-07-25,female,https://picsum.photos/id/244/200/200,{식품간식류},0,2025-06-08 05:12:25,2024-11-16 12:52:11
0764de73-d80a-48b8-819c-a226f3567b60,임도현,sanghoi_312,yi@example.net,054-899-0640,2002-09-16,female,https://picsum.photos/id/245/200/200,"{뷰티헬스케어,식품간식류,패션잡화}",0,2025-04-06 16:59:51,2025-04-06 09:04:49
81a03e7b-8a07-4773-b182-800a80c76d75,이서영,jangseoyun_909,donghyeongo@example.net,016-341-7452,1979-07-21,male,https://picsum.photos/id/246/200/200,{식품간식류},0,2025-01-08 19:14:52,2025-01-25 06:01:43
5fe5bf04-22e7-4136-a695-56a2d890463d,김성민,csin_306,jeongsig52@example.com,042-985-0045,1973-11-29,female,https://picsum.photos/id/247/200/200,{식품간식류},0,2024-10-13 21:19:20,2024-11-22 22:36:02
fe727b44-75ef-4210-a943-3913b6599098,이현정,hyeonjugim_327,ijiyeong@example.org,042-079-2584,1997-07-30,female,https://picsum.photos/id/248/200/200,{패션잡화},0,2025-05-09 04:28:18,2024-10-13 20:12:12
fb5e8b5d-f81f-45e9-84e8-107ee5a30ee6,류정숙,yunjunho_572,pgim@example.com,043-530-5552,1977-11-12,male,https://picsum.photos/id/249/200/200,{뷰티헬스케어},0,2024-10-29 02:39:47,2024-11-27 13:25:15
e47962c8-faf6-4e96-a3a2-66cefcc3a56e,최종수,cgweon_363,yeongjagim@example.org,062-466-5314,1974-05-09,male,https://picsum.photos/id/250/200/200,"{생활용품,식품간식류}",0,2025-04-16 15:13:01,2025-02-16 05:13:14
0256721a-e34b-40ed-baac-e4a61c5c922d,고종수,haeun57_702,si@example.com,018-015-9421,1992-10-02,male,https://picsum.photos/id/251/200/200,"{생활용품,패션잡화}",0,2024-11-21 21:39:35,2025-04-19 11:39:00
f395bae7-737e-4abb-8e1a-5052aedc8268,김성민,seonghyeon21_149,hyeonjun93@example.com,062-712-1801,2000-07-02,male,https://picsum.photos/id/252/200/200,{생활용품},0,2025-09-23 05:25:34,2025-06-22 19:23:59
c92b8c38-5f68-4859-b542-1ef8979efe81,홍상철,yeongsug88_810,cbag@example.com,063-411-1095,1996-12-04,male,https://picsum.photos/id/253/200/200,"{패션잡화,식품간식류,생활용품}",0,2024-11-13 22:27:16,2025-01-10 03:44:38
e0a53977-23ae-4b7f-aeb3-ef7d1a532eac,김정순,ei_607,gimeunju@example.org,064-736-0326,2002-06-30,male,https://picsum.photos/id/254/200/200,"{식품간식류,패션잡화,뷰티헬스케어}",0,2024-10-10 07:14:46,2024-12-28 20:49:00
e8455c99-f863-4539-a0d9-b1fa4bf604ed,이채원,hongyeji_845,igim@example.com,018-597-4164,1993-09-24,male,https://picsum.photos/id/255/200/200,{뷰티헬스케어},0,2024-11-05 10:48:45,2025-01-28 05:59:13
c115f2ca-a52e-4b49-834c-541be6c924ee,이윤서,coejeonghyi_179,ogjagim@example.org,053-347-1308,1995-07-02,male,https://picsum.photos/id/256/200/200,"{식품간식류,뷰티헬스케어}",1,2024-12-30 03:20:45,2025-04-28 05:54:55
863de8b4-1dff-4716-ba47-a724be76c3c8,이정순,kgim_347,mhan@example.org,019-702-3543,1992-03-16,female,https://picsum.photos/id/257/200/200,"{식품간식류,패션잡화,생활용품}",0,2024-12-24 01:11:59,2025-03-01 18:44:32
5622dc1e-2296-422e-be52-085e5f726725,이미정,qgim_893,yeongsug25@example.com,061-500-8800,1971-01-20,female,https://picsum.photos/id/258/200/200,{식품간식류},0,2025-03-05 06:39:18,2025-06-27 13:30:05
b6a1a914-f0e1-4cea-a5c1-e715cba25505,박성민,jaehoheo_557,miyeong73@example.com,032-950-0213,1984-07-15,female,https://picsum.photos/id/259/200/200,"{식품간식류,패션잡화}",0,2025-05-12 02:33:22,2025-04-16 15:56:57
6bdb249f-3202-4223-94a0-1e1e97992a06,박지훈,jeom_919,gimyeonghyi@example.net,064-764-1512,1970-03-16,male,https://picsum.photos/id/260/200/200,"{생활용품,식품간식류}",0,2025-07-14 19:36:14,2025-08-22 10:45:46
61f96c8e-3deb-4dd0-8d13-d08bcc494347,장현지,jiao_410,sanghyeon67@example.net,019-558-4624,1971-10-29,male,https://picsum.photos/id/261/200/200,"{뷰티헬스케어,식품간식류,패션잡화}",0,2025-03-17 07:56:22,2025-01-04 02:03:51
5695b8a7-e325-4719-94df-ee5386529b0c,이정희,json_260,iseunghyeon@example.org,062-173-8841,1987-01-16,female,https://picsum.photos/id/262/200/200,"{식품간식류,뷰티헬스케어,패션잡화}",0,2025-06-16 13:12:12,2025-08-24 04:17:50
e23ef29b-8b0f-48dd-bdb4-f7fbbfa4e9ed,고은지,miyeongcoe_676,sunja72@example.org,018-289-0512,1980-10-26,female,https://picsum.photos/id/263/200/200,"{생활용품,식품간식류}",0,2025-07-02 11:23:33,2024-10-16 07:44:57
5e13742c-181e-4a78-a0ec-3d3d9ea6ab6c,김혜진,jiajo_817,bagjunyeong@example.net,054-017-8417,2003-04-13,male,https://picsum.photos/id/264/200/200,{생활용품},0,2024-12-27 00:53:13,2025-08-05 02:19:33
3380461d-486d-4d25-aaa7-24c09a74e047,류정훈,jihyegim_960,ogim@example.net,018-651-1517,1969-12-19,female,https://picsum.photos/id/265/200/200,{패션잡화},0,2025-03-18 12:09:11,2025-09-07 07:00:03
55244865-5103-416c-b57d-b62d120dacac,최선영,kcoe_118,ki@example.org,061-360-8178,2000-01-24,male,https://picsum.photos/id/266/200/200,"{뷰티헬스케어,생활용품,식품간식류}",0,2025-09-04 01:46:37,2025-01-22 00:54:34
54608185-9147-4c9a-8931-86635f32c312,박정수,yeonggil56_308,hi@example.net,017-896-0419,1982-04-10,male,https://picsum.photos/id/267/200/200,"{식품간식류,뷰티헬스케어,패션잡화}",0,2025-06-12 04:32:46,2024-10-10 08:46:48
1b264521-ed9b-4b04-aa78-cfcb3cf891f9,서지연,yeongsugjang_320,bagsubin@example.org,062-858-5759,1970-07-21,female,https://picsum.photos/id/268/200/200,"{뷰티헬스케어,식품간식류,패션잡화}",0,2025-07-16 10:52:32,2025-06-01 01:07:20
b62f6870-2d6b-4611-9dce-a29d05662a17,고옥순,seonyeong65_371,eungyeonggim@example.com,063-475-6353,1978-10-25,male,https://picsum.photos/id/269/200/200,"{패션잡화,뷰티헬스케어}",0,2024-12-01 21:58:10,2024-10-10 14:31:26
4b6008c7-2703-462c-a5ec-d281d1999bd7,임정자,yeongsui_146,gimsanghyeon@example.net,062-876-5277,1985-12-03,male,https://picsum.photos/id/270/200/200,"{패션잡화,식품간식류,뷰티헬스케어}",0,2025-05-19 15:01:27,2025-04-27 13:16:28
8406b729-cb2b-4331-a5e7-85e6ce19d737,홍정호,jia76_215,yejinyun@example.net,033-078-4673,1983-07-10,female,https://picsum.photos/id/271/200/200,"{식품간식류,생활용품,뷰티헬스케어}",0,2025-04-29 13:07:09,2025-09-20 08:25:37
a215419f-b357-4db4-874b-63377531d608,서현우,hson_813,jeongho79@example.org,054-194-4699,1977-04-01,male,https://picsum.photos/id/272/200/200,{생활용품},0,2024-10-30 14:44:50,2025-09-20 18:35:20
91b0e9b1-dbd3-4000-b2c4-fb1c967019ba,김영환,gwangsuhwang_276,jinjunho@example.org,054-561-7567,1972-11-24,male,https://picsum.photos/id/273/200/200,"{패션잡화,생활용품,식품간식류}",0,2025-07-11 23:45:34,2024-10-18 06:32:03
80639f8a-7574-4251-8dd8-7993791328bd,오준영,gyeongsu41_320,han@example.com,042-679-6835,2003-08-12,female,https://picsum.photos/id/274/200/200,"{식품간식류,뷰티헬스케어}",0,2025-01-12 12:17:17,2025-02-13 05:16:04
2ff16e29-65d7-4350-9986-58d030dc1927,송광수,gimjieun_417,gweongyeonghyi@example.org,010-4625-3221,1970-10-10,male,https://picsum.photos/id/275/200/200,"{뷰티헬스케어,식품간식류,생활용품}",0,2024-10-02 13:14:22,2025-09-02 08:56:02
4d4f8856-a30b-47ab-beac-2b57bdba1766,서상훈,wi_774,hmin@example.org,053-135-6160,1997-11-04,female,https://picsum.photos/id/276/200/200,"{식품간식류,뷰티헬스케어,패션잡화}",0,2025-01-31 06:00:21,2025-05-31 18:35:43
cac52f8a-cf63-4ffe-9234-6fc13c312541,유건우,hyeonju31_531,fgim@example.net,011-435-1195,1987-05-24,male,https://picsum.photos/id/277/200/200,"{뷰티헬스케어,생활용품}",0,2025-05-16 03:15:59,2025-06-28 21:30:00
2c9acc69-65bd-4d33-a928-6f2aec4166f9,양영미,ai_386,ui@example.com,054-912-7709,1993-08-02,male,https://picsum.photos/id/278/200/200,{패션잡화},0,2025-08-12 19:32:34,2025-02-04 14:26:23
a2b9eb28-9740-4cdc-9e30-dfc78c24002e,김미경,haeunbaeg_742,wbae@example.com,016-487-9970,1987-05-01,male,https://picsum.photos/id/279/200/200,"{패션잡화,생활용품,식품간식류}",0,2025-04-18 21:54:12,2025-05-16 03:11:27
4787ae4d-072d-4fcd-841a-7c7eb3163af7,박지혜,hayungim_190,yuneunjeong@example.net,064-797-0129,1989-10-02,female,https://picsum.photos/id/280/200/200,"{식품간식류,패션잡화}",0,2025-04-24 10:26:32,2025-03-01 11:30:48
1b3cd47e-ed6d-4ab0-9d21-7c9bf69c5d30,백미숙,gimjunho_344,gueunyeong@example.com,070-3926-6010,2000-10-16,female,https://picsum.photos/id/281/200/200,{생활용품},0,2025-08-18 10:50:05,2025-06-13 05:27:31
f9d8922b-aa65-4233-8e94-9def596a9456,김순자,kryu_711,ngweon@example.com,041-439-2125,1995-11-10,female,https://picsum.photos/id/282/200/200,{생활용품},0,2024-12-11 16:46:50,2025-08-03 09:36:57
c1c07c65-d549-4df2-ba05-189adad3702d,김종수,ogjagim_628,jeonghun48@example.com,063-984-2041,1978-01-13,male,https://picsum.photos/id/283/200/200,{식품간식류},0,2025-08-11 22:36:24,2024-11-08 17:49:07
7c6f801b-f253-47f7-90a0-8094bbb3b43a,한예은,hyeonjeong12_301,ubag@example.net,018-444-4232,1989-04-16,female,https://picsum.photos/id/284/200/200,"{패션잡화,생활용품,식품간식류}",0,2024-12-16 04:23:00,2025-02-14 16:55:38
f27be63e-765c-4f6f-9150-ba0b6ef8ca50,이상호,yeeunson_784,eunyeonggweon@example.com,043-598-9509,1995-09-01,male,https://picsum.photos/id/285/200/200,"{식품간식류,패션잡화}",0,2025-04-03 06:01:12,2025-02-11 00:05:49
7101c415-d04e-4b86-b8ca-57e71c50bdae,이옥자,seongmin49_429,misug60@example.net,070-7826-3290,1996-02-22,male,https://picsum.photos/id/286/200/200,"{생활용품,뷰티헬스케어,패션잡화}",0,2025-05-30 08:11:01,2024-11-15 20:03:16
a283899b-848a-4016-a5aa-d79e34584da6,백채원,jimincoe_795,sgang@example.com,063-760-6051,2000-08-15,male,https://picsum.photos/id/287/200/200,"{식품간식류,패션잡화,뷰티헬스케어}",0,2025-01-19 23:26:53,2025-09-16 19:15:35
cce0c58f-212b-438a-a8ae-ab9bf8d45f0c,이혜진,eunjeonggim_959,eunyeongi@example.org,031-472-4490,1980-08-18,male,https://picsum.photos/id/288/200/200,"{패션잡화,생활용품,식품간식류}",0,2025-04-11 21:13:47,2025-09-10 16:14:25
2a30565b-61a8-4506-b131-1e71b3707d5c,문정훈,junho77_542,hanyeonggil@example.net,055-315-5229,1980-07-02,male,https://picsum.photos/id/289/200/200,{생활용품},0,2025-06-19 10:32:04,2025-08-15 06:37:11
87a72b02-bf32-4f62-b093-4d683a00944b,김지훈,gimseunghyeon_887,yeongsuni@example.net,033-786-0892,1990-04-02,male,https://picsum.photos/id/290/200/200,"{식품간식류,패션잡화,생활용품}",0,2025-02-03 12:40:27,2025-03-22 04:45:34
f8830a6e-95dc-4f9e-86e9-2e89da4d627c,황영일,yeongsugju_843,ganggyeonghyi@example.net,017-510-3287,1991-02-08,female,https://picsum.photos/id/291/200/200,{패션잡화},0,2025-06-26 17:31:42,2024-10-13 05:14:49
ff2cd476-96ea-49d0-9bcd-c04d1e996f38,최경자,hseo_956,hyejini@example.com,010-3670-2742,1994-07-28,male,https://picsum.photos/id/292/200/200,"{생활용품,식품간식류,패션잡화}",0,2025-01-24 10:54:41,2025-06-26 23:40:39
7a762cc1-f2b9-4d70-86ee-f61c19b8b2eb,이지연,seongsui_581,jeongsun75@example.net,033-201-6011,1983-08-11,female,https://picsum.photos/id/293/200/200,{뷰티헬스케어},0,2025-02-19 01:25:58,2025-04-25 19:25:30
5309f445-03aa-47d0-a4d5-dd7cec2fad1b,송유진,tgang_278,gimsubin@example.org,064-762-2377,1970-12-10,male,https://picsum.photos/id/294/200/200,{뷰티헬스케어},0,2025-05-02 11:21:05,2025-05-06 22:01:15
81d05984-4a07-4756-9534-8cb2a8700510,김미정,ijunyeong_433,eunju95@example.org,070-5549-0876,2004-11-24,female,https://picsum.photos/id/295/200/200,"{패션잡화,뷰티헬스케어,생활용품}",0,2024-10-21 02:12:43,2025-07-22 06:23:09
ffbaf8d1-89ea-4a21-9df7-9eb063de25e5,최영호,baejunho_352,vno@example.org,010-8900-9082,1979-08-17,male,https://picsum.photos/id/296/200/200,{생활용품},0,2025-02-09 04:56:27,2025-05-06 07:15:26
aa32f778-59f2-4d9f-8175-85c4e5d38b16,이준서,xbag_812,iseonghyeon@example.org,031-207-6990,1981-09-09,male,https://picsum.photos/id/297/200/200,{식품간식류},0,2025-07-31 01:35:39,2025-04-01 20:05:27
f452e018-786f-431b-9c45-4ec3f9766f78,최정호,oryu_607,iyeongho@example.com,070-5323-9494,2002-08-12,male,https://picsum.photos/id/298/200/200,{생활용품},0,2024-11-13 09:40:20,2024-12-23 07:41:57
6e81bc08-3d57-4015-8d12-ec7c62c2c0d8,차수빈,lgim_365,jiuyun@example.org,070-2732-0093,1987-08-04,female,https://picsum.photos/id/299/200/200,"{식품간식류,패션잡화,뷰티헬스케어}",0,2025-06-04 23:07:22,2024-11-10 02:44:51
9c32c5e3-0b5c-4ce6-831b-c0b861b1c109,박아름,seunghyeon24_410,jihye85@example.org,062-088-1744,1992-06-03,male,https://picsum.photos/id/300/200/200,"{생활용품,패션잡화}",0,2025-05-17 19:27:00,2025-05-22 10:52:54
719808f5-13e8-41ca-9ccb-363f36781100,이명자,xgim_723,eunjigim@example.org,044-519-3108,1992-11-05,female,https://picsum.photos/id/301/200/200,{생활용품},1,2025-01-27 05:47:10,2024-12-04 07:58:06
0de03eff-8d47-407e-afe3-521283c01c2c,김서윤,yejin21_781,dbag@example.com,070-9051-4906,1982-02-19,male,https://picsum.photos/id/302/200/200,{식품간식류},0,2025-04-21 12:25:18,2024-12-22 20:13:28
04cabfde-709f-4497-9dbe-a24e1347efd2,박서연,seunghyeonhwang_854,gimmiyeong@example.com,017-109-7605,1972-07-06,female,https://picsum.photos/id/303/200/200,"{식품간식류,생활용품,뷰티헬스케어}",0,2025-02-12 16:40:09,2024-11-07 03:37:35
920fc399-816e-4a4f-9fdf-cf53e7dbf789,손지원,yeongsuggim_235,gimjeonghun@example.org,010-7454-7220,1992-09-10,female,https://picsum.photos/id/304/200/200,{생활용품},0,2025-03-12 19:31:00,2025-07-09 18:26:42
a458f01b-6a9d-4195-90e3-6d18757308d8,이주원,ni_989,dhong@example.com,054-144-1208,1970-06-20,female,https://picsum.photos/id/305/200/200,{생활용품},0,2025-09-11 01:55:53,2025-06-14 18:02:53
fd573e97-84ae-4b18-880b-7bb3de96ca35,최지현,seungmin69_857,baeghyeonju@example.net,041-900-5103,1989-07-06,male,https://picsum.photos/id/306/200/200,{생활용품},0,2025-08-17 08:56:59,2025-01-31 18:07:48
3e83f520-1bc6-4f2f-9d81-e97860bae262,김종수,ohyeonjun_809,mgim@example.net,044-816-1071,1977-12-02,male,https://picsum.photos/id/307/200/200,{뷰티헬스케어},0,2025-03-20 02:21:44,2025-02-03 18:31:47
47580e2c-cff4-4635-a5b2-d9645b9f3577,문성진,jinho74_450,minji92@example.net,018-012-6893,1984-03-10,male,https://picsum.photos/id/308/200/200,"{뷰티헬스케어,생활용품}",0,2025-05-15 08:53:48,2025-04-24 11:01:50
4a14eeea-85ee-42da-85ec-b97d0a840351,박정호,hi_195,haeungim@example.org,018-653-3313,1980-10-04,male,https://picsum.photos/id/309/200/200,"{식품간식류,뷰티헬스케어,패션잡화}",0,2025-05-06 10:00:06,2025-03-06 06:49:40
8f158ac1-ebe8-4f9b-9718-59e135f8e4ea,이재호,acoe_441,nhong@example.org,010-4667-2722,1999-07-17,male,https://picsum.photos/id/310/200/200,{뷰티헬스케어},0,2025-04-10 20:55:31,2025-08-26 04:36:00
e9e245b1-6ae0-4cac-a5f3-b2db076d59ae,이건우,gobyeongceol_330,osugja@example.org,016-733-5357,1997-05-04,male,https://picsum.photos/id/311/200/200,{패션잡화},1,2025-09-25 07:39:12,2024-12-25 14:05:16
c1a6e1dd-3acd-4757-9530-2027e3407fa7,황명숙,cha_131,hayuncoe@example.com,070-3653-0268,2005-05-12,female,https://picsum.photos/id/312/200/200,"{패션잡화,뷰티헬스케어,생활용품}",0,2025-07-08 14:16:39,2025-08-14 04:11:30
692a5508-57dd-4058-b1f2-c3913046736e,강도현,ei_409,egweon@example.org,043-488-1238,1995-02-23,male,https://picsum.photos/id/313/200/200,{패션잡화},0,2025-08-31 15:42:35,2025-01-29 04:50:48
686c2a47-e0f4-4185-82b0-ccaee014cc76,박유진,eunyeongnam_599,hyejini@example.org,044-678-0633,1978-09-13,male,https://picsum.photos/id/314/200/200,{생활용품},0,2025-04-11 02:43:10,2025-08-02 11:15:23
79102aba-7eb0-45a2-be38-d09cec233634,최춘자,mcoe_416,jongsugim@example.net,053-590-1154,1985-09-08,male,https://picsum.photos/id/315/200/200,{뷰티헬스케어},0,2025-03-27 05:29:17,2025-07-23 07:10:16
93ccb5ea-66cb-42c8-a682-222a2640d4fa,박중수,jeongsungim_757,dohyeonbag@example.com,051-027-7439,2003-01-25,male,https://picsum.photos/id/316/200/200,{뷰티헬스케어},0,2025-06-09 07:38:52,2025-05-30 04:19:13
f25be8c3-41da-4faf-b760-8be94e1144d9,이승현,gyeongja26_346,sanghyeon13@example.com,02-2485-1271,1973-08-19,male,https://picsum.photos/id/317/200/200,"{뷰티헬스케어,패션잡화}",0,2025-06-08 09:53:40,2025-05-03 02:42:40
fb8469c0-8acd-45aa-976f-b0512a431129,허준혁,fhan_904,sanghyeon89@example.net,063-804-5454,1978-08-28,female,https://picsum.photos/id/318/200/200,"{식품간식류,뷰티헬스케어}",0,2024-10-17 21:56:42,2024-11-11 14:23:48
be11cefc-7782-4ddf-996f-9fdfd392ff6d,김성호,joujin_659,jihyei@example.com,031-997-7864,1998-07-11,female,https://picsum.photos/id/319/200/200,"{패션잡화,식품간식류}",0,2025-06-30 08:52:34,2024-10-27 00:28:35
eaf441a8-76ef-4727-a8ca-9642d0b0026a,송민서,junyeong20_744,gimsubin@example.org,043-065-1500,2001-02-10,male,https://picsum.photos/id/320/200/200,"{패션잡화,생활용품,뷰티헬스케어}",0,2025-05-30 14:46:33,2025-08-14 00:31:26
09584fb7-9f6e-4817-be2a-632d9d1a76d3,이예원,bagyeongjin_479,jihyeonu@example.net,044-498-4519,1990-12-18,female,https://picsum.photos/id/321/200/200,{식품간식류},0,2025-03-24 07:22:38,2025-05-02 23:42:18
c6485554-2e0a-43ab-85a9-c14c1db35b1c,이영순,minseog39_822,gimseonghyeon@example.com,042-571-3761,1982-12-10,female,https://picsum.photos/id/322/200/200,"{생활용품,뷰티헬스케어}",0,2024-10-13 18:54:24,2025-03-17 04:18:10
87b6b9de-27f7-4de1-a8f1-4ea1f2db4f15,한정순,munjeongho_374,eunjeongsin@example.com,011-835-4889,1992-01-23,male,https://picsum.photos/id/323/200/200,"{생활용품,패션잡화,식품간식류}",0,2025-05-05 12:12:28,2025-05-06 01:29:10
7850bef3-0385-4687-8c59-a9923bc572e4,장영숙,siugim_759,yunseo60@example.net,016-541-1116,1997-03-17,male,https://picsum.photos/id/324/200/200,{생활용품},1,2024-11-14 13:34:56,2025-08-01 21:05:45
5202c0d0-ac7f-46f5-af50-826809132299,김옥자,hongyeonggil_259,eji@example.org,051-310-7597,1971-06-20,female,https://picsum.photos/id/325/200/200,"{패션잡화,식품간식류,뷰티헬스케어}",0,2025-05-23 16:40:43,2024-11-05 21:51:01
127a5e5c-1443-4f6b-a7ed-e55cd03b8ab8,이지훈,ijiyeon_763,kyun@example.org,032-248-7159,1974-04-01,male,https://picsum.photos/id/326/200/200,"{식품간식류,패션잡화,뷰티헬스케어}",0,2024-10-03 15:58:49,2024-10-23 09:58:03
be2e9ed6-c550-418d-9fbb-8e5b02f8a321,김승현,guyujin_613,minseogim@example.com,033-322-8502,1974-10-28,male,https://picsum.photos/id/327/200/200,{식품간식류},1,2025-08-17 01:42:20,2025-08-21 04:14:22
7ecfe19d-cad9-4044-a62e-06b20a5d7d0c,한현우,bagseoyun_864,myeongjai@example.com,010-0861-2076,1993-01-29,female,https://picsum.photos/id/328/200/200,"{패션잡화,뷰티헬스케어}",0,2025-05-12 13:13:33,2025-01-29 17:20:20
63ce1a8c-6dbe-4cde-afa6-f9bdf42275ed,최예진,jyun_464,uo@example.net,064-705-3550,1988-11-23,female,https://picsum.photos/id/329/200/200,{생활용품},0,2025-02-15 08:54:09,2025-06-04 00:05:51
87bfda21-76cb-44eb-b925-9ec5ed73990b,민영진,seungmingim_315,ri@example.com,052-251-7876,1987-05-25,female,https://picsum.photos/id/330/200/200,{뷰티헬스케어},0,2025-05-19 22:07:50,2025-01-13 17:27:19
99a84aba-ef2a-4779-a66c-72ed72dbe141,황현준,iseungmin_674,rgim@example.org,055-267-0126,1988-06-17,female,https://picsum.photos/id/331/200/200,"{뷰티헬스케어,패션잡화}",0,2025-08-12 02:32:47,2025-04-20 21:54:14
0c79ac25-6b57-4ab6-acad-66d7d2524e96,이민서,yeji33_231,hyejingo@example.net,010-3118-9187,1970-03-03,male,https://picsum.photos/id/332/200/200,"{뷰티헬스케어,패션잡화}",0,2025-04-05 02:52:35,2024-12-20 21:47:53
4c09a916-087b-415a-b4ba-460babc13972,곽중수,gimhyeonji_427,sanghyeonyun@example.org,042-274-1244,1971-10-20,male,https://picsum.photos/id/333/200/200,"{식품간식류,패션잡화,뷰티헬스케어}",0,2025-03-14 13:50:25,2025-07-15 19:08:51
1a6e6cbc-615f-4dcf-a2cf-97e5f924adf7,최종수,gimyunseo_805,jimin80@example.com,011-776-8536,1983-05-25,female,https://picsum.photos/id/334/200/200,{패션잡화},0,2025-01-28 05:55:37,2025-03-15 19:08:06
7e69e1f1-7c28-42d2-8c00-908272752343,김영숙,seomyeongja_194,eungyeong63@example.com,011-782-7320,1983-10-14,male,https://picsum.photos/id/335/200/200,"{생활용품,뷰티헬스케어}",0,2025-06-16 06:08:11,2025-09-15 09:36:11
0706e645-24df-4019-a838-98d5b0792d16,류채원,cgim_646,minjae47@example.net,019-781-6046,1987-02-11,male,https://picsum.photos/id/336/200/200,"{식품간식류,생활용품}",0,2024-10-14 06:28:40,2025-09-14 12:55:34
1acdd661-b041-40e5-8e82-3befdcad31f5,최은주,gimsanghun_949,seoyeong31@example.net,061-583-7001,1977-01-08,female,https://picsum.photos/id/337/200/200,{패션잡화},0,2024-11-15 20:16:07,2025-09-13 23:52:47
76621d63-399e-4534-8d8b-9c0925a83de5,한주원,jeom_230,miyeong26@example.com,051-547-5006,1998-04-24,female,https://picsum.photos/id/338/200/200,"{뷰티헬스케어,식품간식류}",0,2025-06-07 19:47:10,2025-09-08 10:38:27
4a56a609-cec2-443a-b7f4-8889a71b3b4b,김서현,minsui_142,gimjimin@example.com,043-434-9470,1973-06-25,male,https://picsum.photos/id/339/200/200,{식품간식류},0,2024-10-01 22:52:16,2024-12-31 16:36:47
c8071dbc-ee47-420d-bf65-8ce57420af0b,남민준,gyeongsugi_136,jeonghyimun@example.net,052-108-9489,1980-03-12,female,https://picsum.photos/id/340/200/200,"{생활용품,패션잡화}",0,2024-12-14 10:10:09,2025-03-19 01:16:56
08823459-f405-4356-8bac-8e9212fe74b2,구준영,minjihyeon_855,geonu48@example.net,031-827-7927,1983-05-29,male,https://picsum.photos/id/341/200/200,"{생활용품,식품간식류,패션잡화}",0,2024-11-17 19:55:29,2024-11-20 03:21:21
259c32d9-9481-4c6c-bc5a-f834474eb6a0,한보람,ogsuni_698,hyeonju49@example.com,011-103-8833,1981-05-06,female,https://picsum.photos/id/342/200/200,{생활용품},0,2024-11-05 22:52:50,2025-02-11 06:00:43
a012a214-e55f-4a87-838b-5532fe0befe2,김상현,xbag_176,gimgwangsu@example.com,019-458-0207,1984-12-17,female,https://picsum.photos/id/343/200/200,"{패션잡화,식품간식류,뷰티헬스케어}",0,2025-02-22 08:40:32,2025-02-25 19:55:59
8a78a3a3-b91c-46ed-876a-837bca57a53c,강서준,jihu79_850,jihunson@example.org,02-1841-7574,1993-05-23,female,https://picsum.photos/id/344/200/200,{식품간식류},0,2025-06-12 12:56:25,2025-06-28 02:12:30
f0d267e2-7e16-4658-8715-134bf5736678,장정호,jihye07_350,bagjihye@example.org,042-720-2911,1974-01-19,male,https://picsum.photos/id/345/200/200,{식품간식류},0,2025-09-20 09:09:32,2025-05-23 23:16:17
26951c56-f9c6-4a89-923e-a8eeee27c040,이보람,haeuni_281,yeonggilo@example.com,042-253-6950,1985-07-30,female,https://picsum.photos/id/346/200/200,"{패션잡화,생활용품,뷰티헬스케어}",0,2025-05-03 17:57:14,2024-11-24 11:47:04
3371171a-2e44-4e99-b0b7-e4d2bbf59c3b,곽성훈,seohyeoni_959,xi@example.net,061-560-4424,2001-12-23,female,https://picsum.photos/id/347/200/200,"{패션잡화,생활용품}",0,2025-02-06 10:58:09,2025-08-05 18:03:55
a535e00b-fbf5-47c3-a8d5-bc00024d1aec,김진우,gwangsugwag_130,yunseo09@example.com,053-637-4117,1984-12-13,female,https://picsum.photos/id/348/200/200,"{뷰티헬스케어,생활용품}",0,2025-06-17 10:57:15,2025-09-15 10:18:54
4f904447-8fe6-4524-ad0a-4a7b3bfaac61,김숙자,seonggwangsu_891,isumin@example.org,043-799-6647,1988-01-30,female,https://picsum.photos/id/349/200/200,"{식품간식류,패션잡화}",0,2025-04-13 13:18:41,2025-09-21 13:08:59
9097a7ff-4d5e-4acb-9227-0b7ce522064e,권준혁,gyeongsu09_280,eungyeonggo@example.net,011-219-8033,1987-05-23,female,https://picsum.photos/id/350/200/200,"{식품간식류,패션잡화,생활용품}",0,2025-06-04 21:19:25,2024-11-13 07:32:27
3079121d-c027-4215-b1d2-45f451bf827c,고채원,hyeonjugim_444,donghyeon45@example.net,044-195-9655,1976-01-12,male,https://picsum.photos/id/351/200/200,"{식품간식류,패션잡화,뷰티헬스케어}",0,2025-01-14 07:54:21,2025-09-02 00:24:14
c23a922b-e139-46ab-8e64-1a304d8e883b,김동현,ojiyeon_342,byeongceoli@example.com,019-313-5903,2002-09-17,male,https://picsum.photos/id/352/200/200,"{뷰티헬스케어,식품간식류,패션잡화}",0,2025-04-25 11:21:13,2025-03-18 07:32:56
a8f81ae6-127a-4add-96ac-55e2d13dcd16,김순자,gimeunjeong_765,fgim@example.com,042-061-0986,1993-03-02,female,https://picsum.photos/id/353/200/200,{식품간식류},0,2025-03-12 00:17:59,2025-08-23 22:02:18
9218a5d8-2a13-4564-af34-2b8fd1e5bf13,오민재,songdoyun_830,jiyeong55@example.org,032-548-4082,1995-01-23,male,https://picsum.photos/id/354/200/200,"{식품간식류,뷰티헬스케어}",0,2025-01-11 11:59:42,2025-01-01 05:29:03
52b17212-25eb-49e4-9cc2-2cbd83701a13,이상현,junyeonggim_982,gimjaeho@example.net,011-058-4964,1983-11-15,female,https://picsum.photos/id/355/200/200,{식품간식류},0,2024-11-17 22:09:14,2025-03-31 05:21:58
1c72fa5d-30c1-40d8-8d6a-827a8f1097d6,이서연,yeongsu60_496,gwagyejin@example.org,053-284-8328,1993-11-18,female,https://picsum.photos/id/356/200/200,{패션잡화},0,2025-03-14 00:42:55,2025-08-07 04:16:21
250d0346-d7d5-4706-a8c9-14776dd206eb,김진호,gimjia_723,pgim@example.net,070-0441-1375,1992-10-19,male,https://picsum.photos/id/357/200/200,"{뷰티헬스케어,식품간식류}",0,2025-05-24 18:54:51,2024-10-29 14:50:34
67599de2-6001-492a-bd11-ed44856bf8ec,이정순,jangmigyeong_719,yejingim@example.net,055-773-4498,2001-06-04,male,https://picsum.photos/id/358/200/200,{뷰티헬스케어},0,2024-10-03 17:23:25,2024-11-17 16:59:17
5517c8a7-deb0-47e6-b51e-4b445eb81758,김경숙,uryu_679,kgim@example.org,053-018-0095,2004-07-11,female,https://picsum.photos/id/359/200/200,"{식품간식류,패션잡화}",0,2025-04-14 22:29:08,2024-11-15 04:44:11
ebe98edb-595a-4a73-8559-4cb336d190fb,김진우,gimjeongnam_462,seoyeon57@example.net,053-230-6882,1973-01-03,female,https://picsum.photos/id/360/200/200,"{식품간식류,생활용품,패션잡화}",0,2024-10-11 17:27:37,2025-08-18 23:45:48
f686ffd7-e2ae-4779-99f1-94307b73d46e,양현주,hyeonju97_490,obag@example.com,070-3257-6051,1998-07-10,male,https://picsum.photos/id/361/200/200,"{식품간식류,뷰티헬스케어,패션잡화}",0,2025-07-06 21:27:49,2025-02-20 10:56:39
477ef936-2d1a-4840-ac34-48cbac58c07d,김상철,jiahan_888,jeongsugbae@example.org,043-139-8669,1972-10-17,female,https://picsum.photos/id/362/200/200,"{식품간식류,생활용품}",0,2025-05-24 13:11:50,2025-03-20 07:06:47
a1d2355e-2ccb-4ab9-80b7-e0031bea46a8,최준영,ijeongsu_972,jinho80@example.com,063-844-9838,1976-05-16,female,https://picsum.photos/id/363/200/200,"{식품간식류,생활용품,패션잡화}",0,2024-11-12 14:04:16,2025-06-11 01:20:38
fb36e38f-c714-4fbe-a9b5-0be6a4e9e3ec,박도현,gweonjihun_765,byeongceol35@example.net,052-008-3598,1974-04-29,male,https://picsum.photos/id/364/200/200,"{뷰티헬스케어,생활용품}",0,2025-09-24 03:41:23,2025-03-20 12:20:20
ca02180e-99c5-4ec0-acb2-48e049da4f67,이준서,hyeonji58_909,baggyeongsu@example.net,061-769-2315,1984-02-26,male,https://picsum.photos/id/365/200/200,{식품간식류},0,2025-06-10 02:50:07,2025-01-23 11:10:22
dc45d231-1274-4c98-b166-7c80484ede53,송성수,yeeun61_668,junseo36@example.org,033-773-1126,1977-04-12,female,https://picsum.photos/id/366/200/200,{뷰티헬스케어},0,2024-10-18 20:37:21,2025-06-19 13:49:33
32da3995-7468-418e-9ada-93f95941c0f7,김우진,hyeonjeong85_532,ihayun@example.org,041-335-8507,1972-06-29,female,https://picsum.photos/id/367/200/200,"{식품간식류,뷰티헬스케어}",0,2024-11-27 12:29:45,2025-01-30 12:34:38
bf6b628c-8924-409d-9f35-43a20048a1d5,유현준,ogja47_361,coemisug@example.net,044-382-7011,1970-11-05,female,https://picsum.photos/id/368/200/200,{생활용품},0,2025-06-05 04:49:33,2025-03-25 17:07:19
01c09548-ba78-4d09-b971-776995afd698,김채원,jinu31_199,jongsuyu@example.org,041-084-6089,1985-04-01,male,https://picsum.photos/id/369/200/200,"{식품간식류,생활용품,패션잡화}",0,2024-10-21 02:08:40,2024-12-02 23:55:56
f4b3da5c-162e-4217-bab9-75f5c851f78d,오경희,jeonghyi51_252,jinho77@example.com,018-270-5852,1987-08-01,male,https://picsum.photos/id/370/200/200,"{패션잡화,식품간식류}",0,2025-02-06 03:49:15,2025-02-28 01:30:45
f0254e96-e4a9-4d2d-8538-87af5e5edaae,지민석,gojunhyeog_992,bagjeongho@example.com,063-170-3564,2005-09-06,female,https://picsum.photos/id/371/200/200,"{뷰티헬스케어,패션잡화}",0,2025-02-08 12:46:48,2024-12-25 23:39:32
d486b579-5ddc-47d5-ad9d-3cefa3cd8180,장정순,minseog77_717,myeongsug71@example.net,018-395-8909,1975-10-08,male,https://picsum.photos/id/372/200/200,"{패션잡화,생활용품,뷰티헬스케어}",0,2025-08-23 18:07:55,2025-02-09 14:53:09
2140fd49-bc65-4e24-a1f6-2534a7a2c6e8,김중수,hbag_770,fgo@example.net,016-831-0348,1980-12-02,female,https://picsum.photos/id/373/200/200,{생활용품},0,2025-05-23 22:01:19,2025-04-01 16:05:21
5ddc8e6a-366f-4436-a9da-0106356ebc85,백성훈,iyeongil_355,hbag@example.com,010-4584-0825,1990-11-07,female,https://picsum.photos/id/374/200/200,"{뷰티헬스케어,식품간식류,생활용품}",0,2025-02-22 09:15:19,2024-12-23 00:53:05
2369a484-ddf4-4ed8-8117-c19a0df24e87,이민준,yunseongjin_718,myeongsug84@example.com,063-149-1507,1978-11-05,male,https://picsum.photos/id/375/200/200,"{생활용품,패션잡화,식품간식류}",0,2025-01-13 02:55:46,2025-08-10 02:01:53
6bad5157-88b7-4225-8e47-907bca6a092f,임광수,dbag_316,hca@example.org,051-882-2519,1990-06-22,male,https://picsum.photos/id/376/200/200,"{식품간식류,뷰티헬스케어}",0,2025-09-09 22:04:29,2024-11-01 10:36:52
9442d19e-d42c-483d-b48c-b8a7bf81b7d6,우서연,bhan_450,gimseunghyeon@example.net,061-367-8498,2001-09-07,female,https://picsum.photos/id/377/200/200,"{패션잡화,뷰티헬스케어,생활용품}",0,2025-01-01 01:27:14,2025-08-06 02:50:37
909b8650-30a8-421a-95a5-473d8ac7b2e5,박지후,siu34_393,yeonghyigim@example.net,010-3678-1817,2005-06-11,male,https://picsum.photos/id/378/200/200,"{생활용품,뷰티헬스케어,식품간식류}",0,2025-07-31 17:50:50,2025-03-22 10:21:19
5f3bd2b1-b8a1-4c61-9270-28388883fb74,김민재,jinhoseo_400,vi@example.net,019-980-5151,1997-05-03,female,https://picsum.photos/id/379/200/200,"{패션잡화,뷰티헬스케어,생활용품}",0,2024-10-13 12:59:28,2025-04-05 18:06:14
4ff65df4-8f35-4dfb-9427-22b305671bb3,김동현,gangjieun_775,uyang@example.com,052-202-2909,1973-10-21,female,https://picsum.photos/id/380/200/200,"{생활용품,식품간식류,패션잡화}",0,2025-05-28 12:52:07,2025-09-21 03:49:16
a8806bb8-cd53-4151-b75c-1475a6ec3ffd,양영길,haneunseo_485,gyeongsuyun@example.org,062-850-4898,1972-10-21,female,https://picsum.photos/id/381/200/200,{생활용품},0,2025-05-07 09:11:47,2025-06-24 15:43:24
7a66304d-352c-46dd-a9bb-abaec9c78c29,최하윤,ison_895,jungsu52@example.net,011-669-7942,1985-10-28,female,https://picsum.photos/id/382/200/200,"{패션잡화,뷰티헬스케어,식품간식류}",0,2025-04-17 09:11:11,2025-08-01 10:26:31
e5b49af0-14b1-4e7d-94d5-7eeabdb6a3b3,김은경,baghyejin_160,bagjiu@example.com,041-157-8722,1982-03-18,female,https://picsum.photos/id/383/200/200,"{뷰티헬스케어,패션잡화}",0,2025-06-14 13:27:18,2024-11-07 12:48:27
e3168a40-c729-4ab1-a7cd-f9f36def425e,박예진,jinui_728,li@example.com,044-398-7145,2003-05-16,male,https://picsum.photos/id/384/200/200,"{뷰티헬스케어,생활용품}",0,2025-09-29 18:34:50,2025-08-01 15:20:08
514be88e-05a4-4bb7-b6cb-3e5226c46b84,윤정웅,iseonghyeon_184,yejingo@example.com,011-039-3787,1985-04-06,male,https://picsum.photos/id/385/200/200,"{식품간식류,뷰티헬스케어}",0,2025-07-24 14:55:39,2025-02-24 08:13:39
67bcc36f-12f5-4b8a-aaea-a59d6e662296,박명자,yeongmimin_323,jihye14@example.org,061-378-4398,1996-02-12,male,https://picsum.photos/id/386/200/200,"{식품간식류,생활용품}",0,2025-04-17 16:51:16,2025-06-29 21:29:50
41476918-f057-496d-bf10-721f0f7180cc,서성훈,seongho71_601,seohyeon25@example.org,044-921-2934,2002-02-17,female,https://picsum.photos/id/387/200/200,{생활용품},0,2025-03-27 01:51:41,2025-02-05 22:29:32
6fc6d7d2-42b8-4d5a-a132-27e311a3fd98,김상호,pgim_249,gimjiyeong@example.org,053-622-7886,1972-11-03,female,https://picsum.photos/id/388/200/200,"{식품간식류,뷰티헬스케어,패션잡화}",0,2024-11-16 14:06:19,2024-12-01 12:12:40
0fae1d18-7408-4d81-8a64-177463c54e5d,이상호,pgim_544,geonu64@example.org,052-517-7575,1991-06-15,female,https://picsum.photos/id/389/200/200,"{식품간식류,생활용품,패션잡화}",0,2025-03-25 13:04:51,2024-12-27 05:05:39
c4a07bf2-d5f4-4b62-8520-48fc44becc26,김영식,doyun81_465,namjihun@example.com,017-642-8090,1982-02-12,female,https://picsum.photos/id/390/200/200,{식품간식류},0,2025-06-23 16:56:15,2025-02-24 00:10:18
d4a033e1-8abc-4318-9586-ed69c921658b,김준영,cgim_865,misuggim@example.com,041-231-9246,1974-05-04,female,https://picsum.photos/id/391/200/200,{식품간식류},0,2025-04-03 01:04:23,2025-04-25 07:11:44
ed6169aa-078a-415e-9671-7395f38e021d,이순옥,vcoe_299,sanghyeongim@example.org,052-808-0135,1971-03-16,male,https://picsum.photos/id/392/200/200,{식품간식류},0,2024-11-06 04:07:07,2024-12-17 14:28:15
8c7aab8f-10e2-48b4-89cf-5c4e63a73356,손병철,anhayun_249,iyunseo@example.org,011-032-0535,2004-08-07,male,https://picsum.photos/id/393/200/200,"{식품간식류,뷰티헬스케어,생활용품}",0,2025-04-01 01:27:32,2025-01-10 08:37:00
13a6360f-57fc-4660-8fd9-056736a97787,박상현,jiagim_120,seohyeon92@example.org,053-583-6501,1973-12-02,female,https://picsum.photos/id/394/200/200,"{패션잡화,식품간식류}",0,2025-03-07 22:57:00,2025-02-11 12:35:02
779a6eec-bd3c-401c-b297-81185e44087a,홍춘자,jeongho83_529,ijunho@example.com,053-063-7235,1978-05-21,male,https://picsum.photos/id/395/200/200,{식품간식류},0,2024-12-15 01:27:54,2025-05-30 11:36:13
eb95188e-66ba-45be-98f9-e768d332ee4d,김정수,gimyeonggil_219,junseo28@example.com,017-162-4409,1988-08-01,male,https://picsum.photos/id/396/200/200,"{뷰티헬스케어,생활용품,식품간식류}",0,2024-12-26 00:38:29,2024-10-30 02:09:47
b675be9f-f153-45d7-9e0f-1f64ba7af040,윤승민,gcoe_337,dseo@example.org,052-891-5860,1985-05-20,female,https://picsum.photos/id/397/200/200,"{뷰티헬스케어,식품간식류,생활용품}",0,2024-10-31 05:40:36,2025-05-07 23:46:23
15318aad-567e-4f7b-ba29-5755716c66ef,임중수,bagyeonghwan_483,seonghuno@example.com,043-467-0122,1980-07-06,male,https://picsum.photos/id/398/200/200,{식품간식류},0,2025-07-16 11:28:40,2025-07-28 07:28:11
735600e0-2fde-4573-9ef9-9cd6200b26d7,김경자,yunjeongsig_601,jungsu02@example.net,032-639-4409,1977-04-07,female,https://picsum.photos/id/399/200/200,"{패션잡화,뷰티헬스케어}",0,2025-01-21 09:45:16,2025-01-09 05:54:55
